PassengerId,Survived,Pclass,Sex,Age,Fare,Embarked,Title,FamMem
1,0,3,0,0.22,7.25,1.0,0,1
2,1,1,1,0.38,71.2833,2.0,4,1
3,1,3,1,0.26,7.925,1.0,3,0
4,1,1,1,0.35,53.1,1.0,4,1
5,0,3,0,0.35,8.05,1.0,0,0
6,0,3,0,0.305102188184,8.4583,1.0,0,0
7,0,1,0,0.54,51.8625,1.0,0,0
8,0,3,0,0.02,21.075,1.0,2,4
9,1,3,1,0.27,11.1333,1.0,4,2
10,1,2,1,0.14,30.0708,2.0,4,1
11,1,3,1,0.04,16.7,1.0,3,2
12,1,1,1,0.58,26.55,1.0,3,0
13,0,3,0,0.2,8.05,1.0,0,0
14,0,3,0,0.39,31.275,1.0,0,6
15,0,3,1,0.14,7.8542,1.0,3,0
16,1,2,1,0.55,16.0,1.0,4,0
17,0,3,0,0.02,29.125,1.0,2,5
18,1,2,0,0.305102188184,13.0,1.0,0,0
19,0,3,1,0.31,18.0,1.0,4,1
20,1,3,1,0.279157088123,7.225,2.0,4,0
21,0,2,0,0.35,26.0,1.0,0,0
22,1,2,0,0.34,13.0,1.0,0,0
23,1,3,1,0.15,8.0292,1.0,3,0
24,1,1,0,0.28,35.5,1.0,0,0
25,0,3,1,0.08,21.075,1.0,3,4
26,1,3,1,0.38,31.3875,1.0,4,6
27,0,3,0,0.305102188184,7.225,2.0,0,0
28,0,1,0,0.19,263.0,1.0,0,5
29,1,3,1,0.279157088123,7.8792,1.0,3,0
30,0,3,0,0.305102188184,7.8958,1.0,0,0
31,0,1,0,0.4,27.7208,2.0,1,0
32,1,1,1,0.279157088123,146.5208,2.0,4,1
33,1,3,1,0.279157088123,7.75,1.0,3,0
34,0,2,0,0.66,10.5,1.0,0,0
35,0,1,0,0.28,82.1708,2.0,0,1
36,0,1,0,0.42,52.0,1.0,0,1
37,1,3,0,0.305102188184,7.2292,2.0,0,0
38,0,3,0,0.21,8.05,1.0,0,0
39,0,3,1,0.18,18.0,1.0,3,2
40,1,3,1,0.14,11.2417,2.0,3,1
41,0,3,1,0.4,9.475,1.0,4,1
42,0,2,1,0.27,21.0,1.0,4,1
43,0,3,0,0.305102188184,7.8958,2.0,0,0
44,1,2,1,0.03,41.5792,2.0,3,3
45,1,3,1,0.19,7.8792,1.0,3,0
46,0,3,0,0.305102188184,8.05,1.0,0,0
47,0,3,0,0.305102188184,15.5,1.0,0,1
48,1,3,1,0.279157088123,7.75,1.0,3,0
49,0,3,0,0.305102188184,21.6792,2.0,0,2
50,0,3,1,0.18,17.8,1.0,4,1
51,0,3,0,0.07,39.6875,1.0,2,5
52,0,3,0,0.21,7.8,1.0,0,0
53,1,1,1,0.49,76.7292,2.0,4,1
54,1,2,1,0.29,26.0,1.0,4,1
55,0,1,0,0.65,61.9792,2.0,0,1
56,1,1,0,0.305102188184,35.5,1.0,0,0
57,1,2,1,0.21,10.5,1.0,3,0
58,0,3,0,0.285,7.2292,2.0,0,0
59,1,2,1,0.05,27.75,1.0,3,3
60,0,3,0,0.11,46.9,1.0,2,7
61,0,3,0,0.22,7.2292,2.0,0,0
62,1,1,1,0.38,80.0,0,3,0
63,0,1,0,0.45,83.475,1.0,0,1
64,0,3,0,0.04,27.9,1.0,2,5
65,0,1,0,0.305102188184,27.7208,2.0,0,0
66,1,3,0,0.06,15.2458,2.0,2,2
67,1,2,1,0.29,10.5,1.0,4,0
68,0,3,0,0.19,8.1583,1.0,0,0
69,1,3,1,0.17,7.925,1.0,3,6
70,0,3,0,0.26,8.6625,1.0,0,2
71,0,2,0,0.32,10.5,1.0,0,0
72,0,3,1,0.16,46.9,1.0,3,7
73,0,2,0,0.21,73.5,1.0,0,0
74,0,3,0,0.26,14.4542,2.0,0,1
75,1,3,0,0.32,56.4958,1.0,0,0
76,0,3,0,0.25,7.65,1.0,0,0
77,0,3,0,0.305102188184,7.8958,1.0,0,0
78,0,3,0,0.305102188184,8.05,1.0,0,0
79,1,2,0,0.0083,29.0,1.0,2,2
80,1,3,1,0.3,12.475,1.0,3,0
81,0,3,0,0.22,9.0,1.0,0,0
82,1,3,0,0.29,9.5,1.0,0,0
83,1,3,1,0.279157088123,7.7875,1.0,3,0
84,0,1,0,0.28,47.1,1.0,0,0
85,1,2,1,0.17,10.5,1.0,3,0
86,1,3,1,0.33,15.85,1.0,4,3
87,0,3,0,0.16,34.375,1.0,0,4
88,0,3,0,0.305102188184,8.05,1.0,0,0
89,1,1,1,0.23,263.0,1.0,3,5
90,0,3,0,0.24,8.05,1.0,0,0
91,0,3,0,0.29,8.05,1.0,0,0
92,0,3,0,0.2,7.8542,1.0,0,0
93,0,1,0,0.46,61.175,1.0,0,1
94,0,3,0,0.26,20.575,1.0,0,3
95,0,3,0,0.59,7.25,1.0,0,0
96,0,3,0,0.305102188184,8.05,1.0,0,0
97,0,1,0,0.71,34.6542,2.0,0,0
98,1,1,0,0.23,63.3583,2.0,0,1
99,1,2,1,0.34,23.0,1.0,4,1
100,0,2,0,0.34,26.0,1.0,0,1
101,0,3,1,0.28,7.8958,1.0,3,0
102,0,3,0,0.305102188184,7.8958,1.0,0,0
103,0,1,0,0.21,77.2875,1.0,0,1
104,0,3,0,0.33,8.6542,1.0,0,0
105,0,3,0,0.37,7.925,1.0,0,2
106,0,3,0,0.28,7.8958,1.0,0,0
107,1,3,1,0.21,7.65,1.0,3,0
108,1,3,0,0.305102188184,7.775,1.0,0,0
109,0,3,0,0.38,7.8958,1.0,0,0
110,1,3,1,0.279157088123,24.15,1.0,3,1
111,0,1,0,0.47,52.0,1.0,0,0
112,0,3,1,0.145,14.4542,2.0,3,1
113,0,3,0,0.22,8.05,1.0,0,0
114,0,3,1,0.2,9.825,1.0,3,1
115,0,3,1,0.17,14.4583,2.0,3,0
116,0,3,0,0.21,7.925,1.0,0,0
117,0,3,0,0.705,7.75,1.0,0,0
118,0,2,0,0.29,21.0,1.0,0,1
119,0,1,0,0.24,247.5208,2.0,0,1
120,0,3,1,0.02,31.275,1.0,3,6
121,0,2,0,0.21,73.5,1.0,0,2
122,0,3,0,0.305102188184,8.05,1.0,0,0
123,0,2,0,0.325,30.0708,2.0,0,1
124,1,2,1,0.325,13.0,1.0,3,0
125,0,1,0,0.54,77.2875,1.0,0,1
126,1,3,0,0.12,11.2417,2.0,2,1
127,0,3,0,0.305102188184,7.75,1.0,0,0
128,1,3,0,0.24,7.1417,1.0,0,0
129,1,3,1,0.279157088123,22.3583,2.0,3,2
130,0,3,0,0.45,6.975,1.0,0,0
131,0,3,0,0.33,7.8958,2.0,0,0
132,0,3,0,0.2,7.05,1.0,0,0
133,0,3,1,0.47,14.5,1.0,4,1
134,1,2,1,0.29,26.0,1.0,4,1
135,0,2,0,0.25,13.0,1.0,0,0
136,0,2,0,0.23,15.0458,2.0,0,0
137,1,1,1,0.19,26.2833,1.0,3,2
138,0,1,0,0.37,53.1,1.0,0,1
139,0,3,0,0.16,9.2167,1.0,0,0
140,0,1,0,0.24,79.2,2.0,0,0
141,0,3,1,0.279157088123,15.2458,2.0,4,2
142,1,3,1,0.22,7.75,1.0,3,0
143,1,3,1,0.24,15.85,1.0,4,1
144,0,3,0,0.19,6.75,1.0,0,0
145,0,2,0,0.18,11.5,1.0,0,0
146,0,2,0,0.19,36.75,1.0,0,2
147,1,3,0,0.27,7.7958,1.0,0,0
148,0,3,1,0.09,34.375,1.0,3,4
149,0,2,0,0.365,26.0,1.0,0,2
150,0,2,0,0.42,13.0,1.0,0,0
151,0,2,0,0.51,12.525,1.0,0,0
152,1,1,1,0.22,66.6,1.0,4,1
153,0,3,0,0.555,8.05,1.0,0,0
154,0,3,0,0.405,14.5,1.0,0,2
155,0,3,0,0.305102188184,7.3125,1.0,0,0
156,0,1,0,0.51,61.3792,2.0,0,1
157,1,3,1,0.16,7.7333,1.0,3,0
158,0,3,0,0.3,8.05,1.0,0,0
159,0,3,0,0.305102188184,8.6625,1.0,0,0
160,0,3,0,0.06,69.55,1.0,2,10
161,0,3,0,0.44,16.1,1.0,0,1
162,1,2,1,0.4,15.75,1.0,4,0
163,0,3,0,0.26,7.775,1.0,0,0
164,0,3,0,0.17,8.6625,1.0,0,0
165,0,3,0,0.01,39.6875,1.0,2,5
166,1,3,0,0.09,20.525,1.0,2,2
167,1,1,1,0.279157088123,55.0,1.0,4,1
168,0,3,1,0.45,27.9,1.0,4,5
169,0,1,0,0.305102188184,25.925,1.0,0,0
170,0,3,0,0.28,56.4958,1.0,0,0
171,0,1,0,0.61,33.5,1.0,0,0
172,0,3,0,0.04,29.125,1.0,2,5
173,1,3,1,0.01,11.1333,1.0,3,2
174,0,3,0,0.21,7.925,1.0,0,0
175,0,1,0,0.56,30.6958,2.0,0,0
176,0,3,0,0.18,7.8542,1.0,0,2
177,0,3,0,0.06,25.4667,1.0,2,4
178,0,1,1,0.5,28.7125,2.0,3,0
179,0,2,0,0.3,13.0,1.0,0,0
180,0,3,0,0.36,0.0,1.0,0,0
181,0,3,1,0.279157088123,69.55,1.0,3,10
182,0,2,0,0.305102188184,15.05,2.0,0,0
183,0,3,0,0.09,31.3875,1.0,2,6
184,1,2,0,0.01,39.0,1.0,2,3
185,1,3,1,0.04,22.025,1.0,3,2
186,0,1,0,0.305102188184,50.0,1.0,0,0
187,1,3,1,0.279157088123,15.5,1.0,4,1
188,1,1,0,0.45,26.55,1.0,0,0
189,0,3,0,0.4,15.5,1.0,0,2
190,0,3,0,0.36,7.8958,1.0,0,0
191,1,2,1,0.32,13.0,1.0,4,0
192,0,2,0,0.19,13.0,1.0,0,0
193,1,3,1,0.19,7.8542,1.0,3,1
194,1,2,0,0.03,26.0,1.0,2,2
195,1,1,1,0.44,27.7208,2.0,4,0
196,1,1,1,0.58,146.5208,2.0,3,0
197,0,3,0,0.305102188184,7.75,1.0,0,0
198,0,3,0,0.42,8.4042,1.0,0,1
199,1,3,1,0.279157088123,7.75,1.0,3,0
200,0,2,1,0.24,13.0,1.0,3,0
201,0,3,0,0.28,9.5,1.0,0,0
202,0,3,0,0.305102188184,69.55,1.0,0,10
203,0,3,0,0.34,6.4958,1.0,0,0
204,0,3,0,0.455,7.225,2.0,0,0
205,1,3,0,0.18,8.05,1.0,0,0
206,0,3,1,0.02,10.4625,1.0,3,1
207,0,3,0,0.32,15.85,1.0,0,1
208,1,3,0,0.26,18.7875,2.0,0,0
209,1,3,1,0.16,7.75,1.0,3,0
210,1,1,0,0.4,31.0,2.0,0,0
211,0,3,0,0.24,7.05,1.0,0,0
212,1,2,1,0.35,21.0,1.0,3,0
213,0,3,0,0.22,7.25,1.0,0,0
214,0,2,0,0.3,13.0,1.0,0,0
215,0,3,0,0.305102188184,7.75,1.0,0,1
216,1,1,1,0.31,113.275,2.0,3,1
217,1,3,1,0.27,7.925,1.0,3,0
218,0,2,0,0.42,27.0,1.0,0,1
219,1,1,1,0.32,76.2917,2.0,3,0
220,0,2,0,0.3,10.5,1.0,0,0
221,1,3,0,0.16,8.05,1.0,0,0
222,0,2,0,0.27,13.0,1.0,0,0
223,0,3,0,0.51,8.05,1.0,0,0
224,0,3,0,0.305102188184,7.8958,1.0,0,0
225,1,1,0,0.38,90.0,1.0,0,1
226,0,3,0,0.22,9.35,1.0,0,0
227,1,2,0,0.19,10.5,1.0,0,0
228,0,3,0,0.205,7.25,1.0,0,0
229,0,2,0,0.18,13.0,1.0,0,0
230,0,3,1,0.279157088123,25.4667,1.0,3,4
231,1,1,1,0.35,83.475,1.0,4,1
232,0,3,0,0.29,7.775,1.0,0,0
233,0,2,0,0.59,13.5,1.0,0,0
234,1,3,1,0.05,31.3875,1.0,3,6
235,0,2,0,0.24,10.5,1.0,0,0
236,0,3,1,0.279157088123,7.55,1.0,3,0
237,0,2,0,0.44,26.0,1.0,0,1
238,1,2,1,0.08,26.25,1.0,3,2
239,0,2,0,0.19,10.5,1.0,0,0
240,0,2,0,0.33,12.275,1.0,0,0
241,0,3,1,0.279157088123,14.4542,2.0,3,1
242,1,3,1,0.279157088123,15.5,1.0,3,1
243,0,2,0,0.29,10.5,1.0,0,0
244,0,3,0,0.22,7.125,1.0,0,0
245,0,3,0,0.3,7.225,2.0,0,0
246,0,1,0,0.44,90.0,1.0,1,2
247,0,3,1,0.25,7.775,1.0,3,0
248,1,2,1,0.24,14.5,1.0,4,2
249,1,1,0,0.37,52.5542,1.0,0,2
250,0,2,0,0.54,26.0,1.0,0,1
251,0,3,0,0.305102188184,7.25,1.0,0,0
252,0,3,1,0.29,10.4625,1.0,4,2
253,0,1,0,0.62,26.55,1.0,0,0
254,0,3,0,0.3,16.1,1.0,0,1
255,0,3,1,0.41,20.2125,1.0,4,2
256,1,3,1,0.29,15.2458,2.0,4,2
257,1,1,1,0.279157088123,79.2,2.0,4,0
258,1,1,1,0.3,86.5,1.0,3,0
259,1,1,1,0.35,512.3292,2.0,3,0
260,1,2,1,0.5,26.0,1.0,4,1
261,0,3,0,0.305102188184,7.75,1.0,0,0
262,1,3,0,0.03,31.3875,1.0,2,6
263,0,1,0,0.52,79.65,1.0,0,2
264,0,1,0,0.4,0.0,1.0,0,0
265,0,3,1,0.279157088123,7.75,1.0,3,0
266,0,2,0,0.36,10.5,1.0,0,0
267,0,3,0,0.16,39.6875,1.0,0,5
268,1,3,0,0.25,7.775,1.0,0,1
269,1,1,1,0.58,153.4625,1.0,4,1
270,1,1,1,0.35,135.6333,1.0,3,0
271,0,1,0,0.305102188184,31.0,1.0,0,0
272,1,3,0,0.25,0.0,1.0,0,0
273,1,2,1,0.41,19.5,1.0,4,1
274,0,1,0,0.37,29.7,2.0,0,1
275,1,3,1,0.279157088123,7.75,1.0,3,0
276,1,1,1,0.63,77.9583,1.0,3,1
277,0,3,1,0.45,7.75,1.0,3,0
278,0,2,0,0.305102188184,0.0,1.0,0,0
279,0,3,0,0.07,29.125,1.0,2,5
280,1,3,1,0.35,20.25,1.0,4,2
281,0,3,0,0.65,7.75,1.0,0,0
282,0,3,0,0.28,7.8542,1.0,0,0
283,0,3,0,0.16,9.5,1.0,0,0
284,1,3,0,0.19,8.05,1.0,0,0
285,0,1,0,0.305102188184,26.0,1.0,0,0
286,0,3,0,0.33,8.6625,2.0,0,0
287,1,3,0,0.3,9.5,1.0,0,0
288,0,3,0,0.22,7.8958,1.0,0,0
289,1,2,0,0.42,13.0,1.0,0,0
290,1,3,1,0.22,7.75,1.0,3,0
291,1,1,1,0.26,78.85,1.0,3,0
292,1,1,1,0.19,91.0792,2.0,4,1
293,0,2,0,0.36,12.875,2.0,0,0
294,0,3,1,0.24,8.85,1.0,3,0
295,0,3,0,0.24,7.8958,1.0,0,0
296,0,1,0,0.305102188184,27.7208,2.0,0,0
297,0,3,0,0.235,7.2292,2.0,0,0
298,0,1,1,0.02,151.55,1.0,3,3
299,1,1,0,0.305102188184,30.5,1.0,0,0
300,1,1,1,0.5,247.5208,2.0,4,1
301,1,3,1,0.279157088123,7.75,1.0,3,0
302,1,3,0,0.305102188184,23.25,1.0,0,2
303,0,3,0,0.19,0.0,1.0,0,0
304,1,2,1,0.279157088123,12.35,1.0,3,0
305,0,3,0,0.305102188184,8.05,1.0,0,0
306,1,1,0,0.0092,151.55,1.0,2,3
307,1,1,1,0.279157088123,110.8833,2.0,3,0
308,1,1,1,0.17,108.9,2.0,4,1
309,0,2,0,0.3,24.0,2.0,0,1
310,1,1,1,0.3,56.9292,2.0,3,0
311,1,1,1,0.24,83.1583,2.0,3,0
312,1,1,1,0.18,262.375,2.0,3,4
313,0,2,1,0.26,26.0,1.0,4,2
314,0,3,0,0.28,7.8958,1.0,0,0
315,0,2,0,0.43,26.25,1.0,0,2
316,1,3,1,0.26,7.8542,1.0,3,0
317,1,2,1,0.24,26.0,1.0,4,1
318,0,2,0,0.54,14.0,1.0,1,0
319,1,1,1,0.31,164.8667,1.0,3,2
320,1,1,1,0.4,134.5,2.0,4,2
321,0,3,0,0.22,7.25,1.0,0,0
322,0,3,0,0.27,7.8958,1.0,0,0
323,1,2,1,0.3,12.35,1.0,3,0
324,1,2,1,0.22,29.0,1.0,4,2
325,0,3,0,0.305102188184,69.55,1.0,0,10
326,1,1,1,0.36,135.6333,2.0,3,0
327,0,3,0,0.61,6.2375,1.0,0,0
328,1,2,1,0.36,13.0,1.0,4,0
329,1,3,1,0.31,20.525,1.0,4,2
330,1,1,1,0.16,57.9792,2.0,3,1
331,1,3,1,0.279157088123,23.25,1.0,3,2
332,0,1,0,0.455,28.5,1.0,0,0
333,0,1,0,0.38,153.4625,1.0,0,1
334,0,3,0,0.16,18.0,1.0,0,2
335,1,1,1,0.279157088123,133.65,1.0,4,1
336,0,3,0,0.305102188184,7.8958,1.0,0,0
337,0,1,0,0.29,66.6,1.0,0,1
338,1,1,1,0.41,134.5,2.0,3,0
339,1,3,0,0.45,8.05,1.0,0,0
340,0,1,0,0.45,35.5,1.0,0,0
341,1,2,0,0.02,26.0,1.0,2,2
342,1,1,1,0.24,263.0,1.0,3,5
343,0,2,0,0.28,13.0,1.0,0,0
344,0,2,0,0.25,13.0,1.0,0,0
345,0,2,0,0.36,13.0,1.0,0,0
346,1,2,1,0.24,13.0,1.0,3,0
347,1,2,1,0.4,13.0,1.0,3,0
348,1,3,1,0.279157088123,16.1,1.0,4,1
349,1,3,0,0.03,15.9,1.0,2,2
350,0,3,0,0.42,8.6625,1.0,0,0
351,0,3,0,0.23,9.225,1.0,0,0
352,0,1,0,0.305102188184,35.0,1.0,0,0
353,0,3,0,0.15,7.2292,2.0,0,2
354,0,3,0,0.25,17.8,1.0,0,1
355,0,3,0,0.305102188184,7.225,2.0,0,0
356,0,3,0,0.28,9.5,1.0,0,0
357,1,1,1,0.22,55.0,1.0,3,1
358,0,2,1,0.38,13.0,1.0,3,0
359,1,3,1,0.279157088123,7.8792,1.0,3,0
360,1,3,1,0.279157088123,7.8792,1.0,3,0
361,0,3,0,0.4,27.9,1.0,0,5
362,0,2,0,0.29,27.7208,2.0,0,1
363,0,3,1,0.45,14.4542,2.0,4,1
364,0,3,0,0.35,7.05,1.0,0,0
365,0,3,0,0.305102188184,15.5,1.0,0,1
366,0,3,0,0.3,7.25,1.0,0,0
367,1,1,1,0.6,75.25,2.0,4,1
368,1,3,1,0.279157088123,7.2292,2.0,4,0
369,1,3,1,0.279157088123,7.75,1.0,3,0
370,1,1,1,0.24,69.3,2.0,4,0
371,1,1,0,0.25,55.4417,2.0,0,1
372,0,3,0,0.18,6.4958,1.0,0,1
373,0,3,0,0.19,8.05,1.0,0,0
374,0,1,0,0.22,135.6333,2.0,0,0
375,0,3,1,0.03,21.075,1.0,3,4
376,1,1,1,0.279157088123,82.1708,2.0,4,1
377,1,3,1,0.22,7.25,1.0,3,0
378,0,1,0,0.27,211.5,2.0,0,2
379,0,3,0,0.2,4.0125,2.0,0,0
380,0,3,0,0.19,7.775,1.0,0,0
381,1,1,1,0.42,227.525,2.0,3,0
382,1,3,1,0.01,15.7417,2.0,3,2
383,0,3,0,0.32,7.925,1.0,0,0
384,1,1,1,0.35,52.0,1.0,4,1
385,0,3,0,0.305102188184,7.8958,1.0,0,0
386,0,2,0,0.18,73.5,1.0,0,0
387,0,3,0,0.01,46.9,1.0,2,7
388,1,2,1,0.36,13.0,1.0,3,0
389,0,3,0,0.305102188184,7.7292,1.0,0,0
390,1,2,1,0.17,12.0,2.0,3,0
391,1,1,0,0.36,120.0,1.0,0,3
392,1,3,0,0.21,7.7958,1.0,0,0
393,0,3,0,0.28,7.925,1.0,0,2
394,1,1,1,0.23,113.275,2.0,3,1
395,1,3,1,0.24,16.7,1.0,4,2
396,0,3,0,0.22,7.7958,1.0,0,0
397,0,3,1,0.31,7.8542,1.0,3,0
398,0,2,0,0.46,26.0,1.0,0,0
399,0,2,0,0.23,10.5,1.0,1,0
400,1,2,1,0.28,12.65,1.0,4,0
401,1,3,0,0.39,7.925,1.0,0,0
402,0,3,0,0.26,8.05,1.0,0,0
403,0,3,1,0.21,9.825,1.0,3,1
404,0,3,0,0.28,15.85,1.0,0,1
405,0,3,1,0.2,8.6625,1.0,3,0
406,0,2,0,0.34,21.0,1.0,0,1
407,0,3,0,0.51,7.75,1.0,0,0
408,1,2,0,0.03,18.75,1.0,2,2
409,0,3,0,0.21,7.775,1.0,0,0
410,0,3,1,0.279157088123,25.4667,1.0,3,4
411,0,3,0,0.305102188184,7.8958,1.0,0,0
412,0,3,0,0.305102188184,6.8583,1.0,0,0
413,1,1,1,0.33,90.0,1.0,3,1
414,0,2,0,0.305102188184,0.0,1.0,0,0
415,1,3,0,0.44,7.925,1.0,0,0
416,0,3,1,0.279157088123,8.05,1.0,4,0
417,1,2,1,0.34,32.5,1.0,4,2
418,1,2,1,0.18,13.0,1.0,3,2
419,0,2,0,0.3,13.0,1.0,0,0
420,0,3,1,0.1,24.15,1.0,3,2
421,0,3,0,0.305102188184,7.8958,2.0,0,0
422,0,3,0,0.21,7.7333,1.0,0,0
423,0,3,0,0.29,7.875,1.0,0,0
424,0,3,1,0.28,14.4,1.0,4,2
425,0,3,0,0.18,20.2125,1.0,0,2
426,0,3,0,0.305102188184,7.25,1.0,0,0
427,1,2,1,0.28,26.0,1.0,4,1
428,1,2,1,0.19,26.0,1.0,3,0
429,0,3,0,0.305102188184,7.75,1.0,0,0
430,1,3,0,0.32,8.05,1.0,0,0
431,1,1,0,0.28,26.55,1.0,0,0
432,1,3,1,0.279157088123,16.1,1.0,4,1
433,1,2,1,0.42,26.0,1.0,4,1
434,0,3,0,0.17,7.125,1.0,0,0
435,0,1,0,0.5,55.9,1.0,0,1
436,1,1,1,0.14,120.0,1.0,3,3
437,0,3,1,0.21,34.375,1.0,3,4
438,1,2,1,0.24,18.75,1.0,4,5
439,0,1,0,0.64,263.0,1.0,0,5
440,0,2,0,0.31,10.5,1.0,0,0
441,1,2,1,0.45,26.25,1.0,4,2
442,0,3,0,0.2,9.5,1.0,0,0
443,0,3,0,0.25,7.775,1.0,0,1
444,1,2,1,0.28,13.0,1.0,3,0
445,1,3,0,0.305102188184,8.1125,1.0,0,0
446,1,1,0,0.04,81.8583,1.0,2,2
447,1,2,1,0.13,19.5,1.0,3,1
448,1,1,0,0.34,26.55,1.0,0,0
449,1,3,1,0.05,19.2583,2.0,3,3
450,1,1,0,0.52,30.5,1.0,1,0
451,0,2,0,0.36,27.75,1.0,0,3
452,0,3,0,0.305102188184,19.9667,1.0,0,1
453,0,1,0,0.3,27.75,2.0,0,0
454,1,1,0,0.49,89.1042,2.0,0,1
455,0,3,0,0.305102188184,8.05,1.0,0,0
456,1,3,0,0.29,7.8958,2.0,0,0
457,0,1,0,0.65,26.55,1.0,0,0
458,1,1,1,0.279157088123,51.8625,1.0,4,1
459,1,2,1,0.5,10.5,1.0,3,0
460,0,3,0,0.305102188184,7.75,1.0,0,0
461,1,1,0,0.48,26.55,1.0,0,0
462,0,3,0,0.34,8.05,1.0,0,0
463,0,1,0,0.47,38.5,1.0,0,0
464,0,2,0,0.48,13.0,1.0,0,0
465,0,3,0,0.305102188184,8.05,1.0,0,0
466,0,3,0,0.38,7.05,1.0,0,0
467,0,2,0,0.305102188184,0.0,1.0,0,0
468,0,1,0,0.56,26.55,1.0,0,0
469,0,3,0,0.305102188184,7.725,1.0,0,0
470,1,3,1,0.0075,19.2583,2.0,3,3
471,0,3,0,0.305102188184,7.25,1.0,0,0
472,0,3,0,0.38,8.6625,1.0,0,0
473,1,2,1,0.33,27.75,1.0,4,3
474,1,2,1,0.23,13.7917,2.0,4,0
475,0,3,1,0.22,9.8375,1.0,3,0
476,0,1,0,0.305102188184,52.0,1.0,0,0
477,0,2,0,0.34,21.0,1.0,0,1
478,0,3,0,0.29,7.0458,1.0,0,1
479,0,3,0,0.22,7.5208,1.0,0,0
480,1,3,1,0.02,12.2875,1.0,3,1
481,0,3,0,0.09,46.9,1.0,2,7
482,0,2,0,0.305102188184,0.0,1.0,0,0
483,0,3,0,0.5,8.05,1.0,0,0
484,1,3,1,0.63,9.5875,1.0,4,0
485,1,1,0,0.25,91.0792,2.0,0,1
486,0,3,1,0.279157088123,25.4667,1.0,3,4
487,1,1,1,0.35,90.0,1.0,4,1
488,0,1,0,0.58,29.7,2.0,0,0
489,0,3,0,0.3,8.05,1.0,0,0
490,1,3,0,0.09,15.9,1.0,2,2
491,0,3,0,0.305102188184,19.9667,1.0,0,1
492,0,3,0,0.21,7.25,1.0,0,0
493,0,1,0,0.55,30.5,1.0,0,0
494,0,1,0,0.71,49.5042,2.0,0,0
495,0,3,0,0.21,8.05,1.0,0,0
496,0,3,0,0.305102188184,14.4583,2.0,0,0
497,1,1,1,0.54,78.2667,2.0,3,1
498,0,3,0,0.305102188184,15.1,1.0,0,0
499,0,1,1,0.25,151.55,1.0,4,3
500,0,3,0,0.24,7.7958,1.0,0,0
501,0,3,0,0.17,8.6625,1.0,0,0
502,0,3,1,0.21,7.75,1.0,3,0
503,0,3,1,0.279157088123,7.6292,1.0,3,0
504,0,3,1,0.37,9.5875,1.0,3,0
505,1,1,1,0.16,86.5,1.0,3,0
506,0,1,0,0.18,108.9,2.0,0,1
507,1,2,1,0.33,26.0,1.0,4,2
508,1,1,0,0.305102188184,26.55,1.0,0,0
509,0,3,0,0.28,22.525,1.0,0,0
510,1,3,0,0.26,56.4958,1.0,0,0
511,1,3,0,0.29,7.75,1.0,0,0
512,0,3,0,0.305102188184,8.05,1.0,0,0
513,1,1,0,0.36,26.2875,1.0,0,0
514,1,1,1,0.54,59.4,2.0,4,1
515,0,3,0,0.24,7.4958,1.0,0,0
516,0,1,0,0.47,34.0208,1.0,0,0
517,1,2,1,0.34,10.5,1.0,4,0
518,0,3,0,0.305102188184,24.15,1.0,0,0
519,1,2,1,0.36,26.0,1.0,4,1
520,0,3,0,0.32,7.8958,1.0,0,0
521,1,1,1,0.3,93.5,1.0,3,0
522,0,3,0,0.22,7.8958,1.0,0,0
523,0,3,0,0.305102188184,7.225,2.0,0,0
524,1,1,1,0.44,57.9792,2.0,4,1
525,0,3,0,0.305102188184,7.2292,2.0,0,0
526,0,3,0,0.405,7.75,1.0,0,0
527,1,2,1,0.5,10.5,1.0,3,0
528,0,1,0,0.305102188184,221.7792,1.0,0,0
529,0,3,0,0.39,7.925,1.0,0,0
530,0,2,0,0.23,11.5,1.0,0,3
531,1,2,1,0.02,26.0,1.0,3,2
532,0,3,0,0.305102188184,7.2292,2.0,0,0
533,0,3,0,0.17,7.2292,2.0,0,2
534,1,3,1,0.279157088123,22.3583,2.0,4,2
535,0,3,1,0.3,8.6625,1.0,3,0
536,1,2,1,0.07,26.25,1.0,3,2
537,0,1,0,0.45,26.55,1.0,1,0
538,1,1,1,0.3,106.425,2.0,3,0
539,0,3,0,0.305102188184,14.5,1.0,0,0
540,1,1,1,0.22,49.5,2.0,3,2
541,1,1,1,0.36,71.0,1.0,3,2
542,0,3,1,0.09,31.275,1.0,3,6
543,0,3,1,0.11,31.275,1.0,3,6
544,1,2,0,0.32,26.0,1.0,0,1
545,0,1,0,0.5,106.425,2.0,0,1
546,0,1,0,0.64,26.0,1.0,0,0
547,1,2,1,0.19,26.0,1.0,4,1
548,1,2,0,0.305102188184,13.8625,2.0,0,0
549,0,3,0,0.33,20.525,1.0,0,2
550,1,2,0,0.08,36.75,1.0,2,2
551,1,1,0,0.17,110.8833,2.0,0,2
552,0,2,0,0.27,26.0,1.0,0,0
553,0,3,0,0.305102188184,7.8292,1.0,0,0
554,1,3,0,0.22,7.225,2.0,0,0
555,1,3,1,0.22,7.775,1.0,3,0
556,0,1,0,0.62,26.55,1.0,0,0
557,1,1,1,0.48,39.6,2.0,1,1
558,0,1,0,0.305102188184,227.525,2.0,0,0
559,1,1,1,0.39,79.65,1.0,4,2
560,1,3,1,0.36,17.4,1.0,4,1
561,0,3,0,0.305102188184,7.75,1.0,0,0
562,0,3,0,0.4,7.8958,1.0,0,0
563,0,2,0,0.28,13.5,1.0,0,0
564,0,3,0,0.305102188184,8.05,1.0,0,0
565,0,3,1,0.279157088123,8.05,1.0,3,0
566,0,3,0,0.24,24.15,1.0,0,2
567,0,3,0,0.19,7.8958,1.0,0,0
568,0,3,1,0.29,21.075,1.0,4,4
569,0,3,0,0.305102188184,7.2292,2.0,0,0
570,1,3,0,0.32,7.8542,1.0,0,0
571,1,2,0,0.62,10.5,1.0,0,0
572,1,1,1,0.53,51.4792,1.0,4,2
573,1,1,0,0.36,26.3875,1.0,0,0
574,1,3,1,0.279157088123,7.75,1.0,3,0
575,0,3,0,0.16,8.05,1.0,0,0
576,0,3,0,0.19,14.5,1.0,0,0
577,1,2,1,0.34,13.0,1.0,3,0
578,1,1,1,0.39,55.9,1.0,4,1
579,0,3,1,0.279157088123,14.4583,2.0,4,1
580,1,3,0,0.32,7.925,1.0,0,0
581,1,2,1,0.25,30.0,1.0,3,2
582,1,1,1,0.39,110.8833,2.0,4,2
583,0,2,0,0.54,26.0,1.0,0,0
584,0,1,0,0.36,40.125,2.0,0,0
585,0,3,0,0.305102188184,8.7125,2.0,0,0
586,1,1,1,0.18,79.65,1.0,3,2
587,0,2,0,0.47,15.0,1.0,0,0
588,1,1,0,0.6,79.2,2.0,0,2
589,0,3,0,0.22,8.05,1.0,0,0
590,0,3,0,0.305102188184,8.05,1.0,0,0
591,0,3,0,0.35,7.125,1.0,0,0
592,1,1,1,0.52,78.2667,2.0,4,1
593,0,3,0,0.47,7.25,1.0,0,0
594,0,3,1,0.279157088123,7.75,1.0,3,2
595,0,2,0,0.37,26.0,1.0,0,1
596,0,3,0,0.36,24.15,1.0,0,2
597,1,2,1,0.279157088123,33.0,1.0,3,0
598,0,3,0,0.49,0.0,1.0,0,0
599,0,3,0,0.305102188184,7.225,2.0,0,0
600,1,1,0,0.49,56.9292,2.0,1,1
601,1,2,1,0.24,27.0,1.0,4,3
602,0,3,0,0.305102188184,7.8958,1.0,0,0
603,0,1,0,0.305102188184,42.4,1.0,0,0
604,0,3,0,0.44,8.05,1.0,0,0
605,1,1,0,0.35,26.55,2.0,0,0
606,0,3,0,0.36,15.55,1.0,0,1
607,0,3,0,0.3,7.8958,1.0,0,0
608,1,1,0,0.27,30.5,1.0,0,0
609,1,2,1,0.22,41.5792,2.0,4,3
610,1,1,1,0.4,153.4625,1.0,3,0
611,0,3,1,0.39,31.275,1.0,4,6
612,0,3,0,0.305102188184,7.05,1.0,0,0
613,1,3,1,0.279157088123,15.5,1.0,3,1
614,0,3,0,0.305102188184,7.75,1.0,0,0
615,0,3,0,0.35,8.05,1.0,0,0
616,1,2,1,0.24,65.0,1.0,3,3
617,0,3,0,0.34,14.4,1.0,0,2
618,0,3,1,0.26,16.1,1.0,4,1
619,1,2,1,0.04,39.0,1.0,3,3
620,0,2,0,0.26,10.5,1.0,0,0
621,0,3,0,0.27,14.4542,2.0,0,1
622,1,1,0,0.42,52.5542,1.0,0,1
623,1,3,0,0.2,15.7417,2.0,0,2
624,0,3,0,0.21,7.8542,1.0,0,0
625,0,3,0,0.21,16.1,1.0,0,0
626,0,1,0,0.61,32.3208,1.0,0,0
627,0,2,0,0.57,12.35,1.0,0,0
628,1,1,1,0.21,77.9583,1.0,3,0
629,0,3,0,0.26,7.8958,1.0,0,0
630,0,3,0,0.305102188184,7.7333,1.0,0,0
631,1,1,0,0.8,30.0,1.0,0,0
632,0,3,0,0.51,7.0542,1.0,0,0
633,1,1,0,0.32,30.5,2.0,1,0
634,0,1,0,0.305102188184,0.0,1.0,0,0
635,0,3,1,0.09,27.9,1.0,3,5
636,1,2,1,0.28,13.0,1.0,3,0
637,0,3,0,0.32,7.925,1.0,0,0
638,0,2,0,0.31,26.25,1.0,0,2
639,0,3,1,0.41,39.6875,1.0,4,5
640,0,3,0,0.305102188184,16.1,1.0,0,1
641,0,3,0,0.2,7.8542,1.0,0,0
642,1,1,1,0.24,69.3,2.0,3,0
643,0,3,1,0.02,27.9,1.0,3,5
644,1,3,0,0.305102188184,56.4958,1.0,0,0
645,1,3,1,0.0075,19.2583,2.0,3,3
646,1,1,0,0.48,76.7292,2.0,0,1
647,0,3,0,0.19,7.8958,1.0,0,0
648,1,1,0,0.56,35.5,2.0,1,0
649,0,3,0,0.305102188184,7.55,1.0,0,0
650,1,3,1,0.23,7.55,1.0,3,0
651,0,3,0,0.305102188184,7.8958,1.0,0,0
652,1,2,1,0.18,23.0,1.0,3,1
653,0,3,0,0.21,8.4333,1.0,0,0
654,1,3,1,0.279157088123,7.8292,1.0,3,0
655,0,3,1,0.18,6.75,1.0,3,0
656,0,2,0,0.24,73.5,1.0,0,2
657,0,3,0,0.305102188184,7.8958,1.0,0,0
658,0,3,1,0.32,15.5,1.0,4,2
659,0,2,0,0.23,13.0,1.0,0,0
660,0,1,0,0.58,113.275,2.0,0,2
661,1,1,0,0.5,133.65,1.0,1,2
662,0,3,0,0.4,7.225,2.0,0,0
663,0,1,0,0.47,25.5875,1.0,0,0
664,0,3,0,0.36,7.4958,1.0,0,0
665,1,3,0,0.2,7.925,1.0,0,1
666,0,2,0,0.32,73.5,1.0,0,2
667,0,2,0,0.25,13.0,1.0,0,0
668,0,3,0,0.305102188184,7.775,1.0,0,0
669,0,3,0,0.43,8.05,1.0,0,0
670,1,1,1,0.279157088123,52.0,1.0,4,1
671,1,2,1,0.4,39.0,1.0,4,2
672,0,1,0,0.31,52.0,1.0,0,1
673,0,2,0,0.7,10.5,1.0,0,0
674,1,2,0,0.31,13.0,1.0,0,0
675,0,2,0,0.305102188184,0.0,1.0,0,0
676,0,3,0,0.18,7.775,1.0,0,0
677,0,3,0,0.245,8.05,1.0,0,0
678,1,3,1,0.18,9.8417,1.0,3,0
679,0,3,1,0.43,46.9,1.0,4,7
680,1,1,0,0.36,512.3292,2.0,0,1
681,0,3,1,0.279157088123,8.1375,1.0,3,0
682,1,1,0,0.27,76.7292,2.0,0,0
683,0,3,0,0.2,9.225,1.0,0,0
684,0,3,0,0.14,46.9,1.0,0,7
685,0,2,0,0.6,39.0,1.0,0,2
686,0,2,0,0.25,41.5792,2.0,0,3
687,0,3,0,0.14,39.6875,1.0,0,5
688,0,3,0,0.19,10.1708,1.0,0,0
689,0,3,0,0.18,7.7958,1.0,0,0
690,1,1,1,0.15,211.3375,1.0,3,1
691,1,1,0,0.31,57.0,1.0,0,1
692,1,3,1,0.04,13.4167,2.0,3,1
693,1,3,0,0.305102188184,56.4958,1.0,0,0
694,0,3,0,0.25,7.225,2.0,0,0
695,0,1,0,0.6,26.55,1.0,1,0
696,0,2,0,0.52,13.5,1.0,0,0
697,0,3,0,0.44,8.05,1.0,0,0
698,1,3,1,0.279157088123,7.7333,1.0,3,0
699,0,1,0,0.49,110.8833,2.0,0,2
700,0,3,0,0.42,7.65,1.0,0,0
701,1,1,1,0.18,227.525,2.0,4,1
702,1,1,0,0.35,26.2875,1.0,0,0
703,0,3,1,0.18,14.4542,2.0,3,1
704,0,3,0,0.25,7.7417,1.0,0,0
705,0,3,0,0.26,7.8542,1.0,0,1
706,0,2,0,0.39,26.0,1.0,0,0
707,1,2,1,0.45,13.5,1.0,4,0
708,1,1,0,0.42,26.2875,1.0,0,0
709,1,1,1,0.22,151.55,1.0,3,0
710,1,3,0,0.06,15.2458,2.0,2,2
711,1,1,1,0.24,49.5042,2.0,3,0
712,0,1,0,0.305102188184,26.55,1.0,0,0
713,1,1,0,0.48,52.0,1.0,0,1
714,0,3,0,0.29,9.4833,1.0,0,0
715,0,2,0,0.52,13.0,1.0,0,0
716,0,3,0,0.19,7.65,1.0,0,0
717,1,1,1,0.38,227.525,2.0,3,0
718,1,2,1,0.27,10.5,1.0,3,0
719,0,3,0,0.305102188184,15.5,1.0,0,0
720,0,3,0,0.33,7.775,1.0,0,0
721,1,2,1,0.06,33.0,1.0,3,1
722,0,3,0,0.17,7.0542,1.0,0,1
723,0,2,0,0.34,13.0,1.0,0,0
724,0,2,0,0.5,13.0,1.0,0,0
725,1,1,0,0.27,53.1,1.0,0,1
726,0,3,0,0.2,8.6625,1.0,0,0
727,1,2,1,0.3,21.0,1.0,4,3
728,1,3,1,0.279157088123,7.7375,1.0,3,0
729,0,2,0,0.25,26.0,1.0,0,1
730,0,3,1,0.25,7.925,1.0,3,1
731,1,1,1,0.29,211.3375,1.0,3,0
732,0,3,0,0.11,18.7875,2.0,0,0
733,0,2,0,0.305102188184,0.0,1.0,0,0
734,0,2,0,0.23,13.0,1.0,0,0
735,0,2,0,0.23,13.0,1.0,0,0
736,0,3,0,0.285,16.1,1.0,0,0
737,0,3,1,0.48,34.375,1.0,4,4
738,1,1,0,0.35,512.3292,2.0,0,0
739,0,3,0,0.305102188184,7.8958,1.0,0,0
740,0,3,0,0.305102188184,7.8958,1.0,0,0
741,1,1,0,0.305102188184,30.0,1.0,0,0
742,0,1,0,0.36,78.85,1.0,0,1
743,1,1,1,0.21,262.375,2.0,3,4
744,0,3,0,0.24,16.1,1.0,0,1
745,1,3,0,0.31,7.925,1.0,0,0
746,0,1,0,0.7,71.0,1.0,1,2
747,0,3,0,0.16,20.25,1.0,0,2
748,1,2,1,0.3,13.0,1.0,3,0
749,0,1,0,0.19,53.1,1.0,0,1
750,0,3,0,0.31,7.75,1.0,0,0
751,1,2,1,0.04,23.0,1.0,3,2
752,1,3,0,0.06,12.475,1.0,2,1
753,0,3,0,0.33,9.5,1.0,0,0
754,0,3,0,0.23,7.8958,1.0,0,0
755,1,2,1,0.48,65.0,1.0,4,3
756,1,2,0,0.0067,14.5,1.0,2,2
757,0,3,0,0.28,7.7958,1.0,0,0
758,0,2,0,0.18,11.5,1.0,0,0
759,0,3,0,0.34,8.05,1.0,0,0
760,1,1,1,0.33,86.5,1.0,1,0
761,0,3,0,0.305102188184,14.5,1.0,0,0
762,0,3,0,0.41,7.125,1.0,0,0
763,1,3,0,0.2,7.2292,2.0,0,0
764,1,1,1,0.36,120.0,1.0,4,3
765,0,3,0,0.16,7.775,1.0,0,0
766,1,1,1,0.51,77.9583,1.0,4,1
767,0,1,0,0.305102188184,39.6,2.0,1,0
768,0,3,1,0.305,7.75,1.0,3,0
769,0,3,0,0.305102188184,24.15,1.0,0,1
770,0,3,0,0.32,8.3625,1.0,0,0
771,0,3,0,0.24,9.5,1.0,0,0
772,0,3,0,0.48,7.8542,1.0,0,0
773,0,2,1,0.57,10.5,1.0,4,0
774,0,3,0,0.305102188184,7.225,2.0,0,0
775,1,2,1,0.54,23.0,1.0,4,4
776,0,3,0,0.18,7.75,1.0,0,0
777,0,3,0,0.305102188184,7.75,1.0,0,0
778,1,3,1,0.05,12.475,1.0,3,0
779,0,3,0,0.305102188184,7.7375,1.0,0,0
780,1,1,1,0.43,211.3375,1.0,4,1
781,1,3,1,0.13,7.2292,2.0,3,0
782,1,1,1,0.17,57.0,1.0,4,1
783,0,1,0,0.29,30.0,1.0,0,0
784,0,3,0,0.305102188184,23.45,1.0,0,3
785,0,3,0,0.25,7.05,1.0,0,0
786,0,3,0,0.25,7.25,1.0,0,0
787,1,3,1,0.18,7.4958,1.0,3,0
788,0,3,0,0.08,29.125,1.0,2,5
789,1,3,0,0.01,20.575,1.0,2,3
790,0,1,0,0.46,79.2,2.0,0,0
791,0,3,0,0.305102188184,7.75,1.0,0,0
792,0,2,0,0.16,26.0,1.0,0,0
793,0,3,1,0.279157088123,69.55,1.0,3,10
794,0,1,0,0.305102188184,30.6958,2.0,0,0
795,0,3,0,0.25,7.8958,1.0,0,0
796,0,2,0,0.39,13.0,1.0,0,0
797,1,1,1,0.49,25.9292,1.0,1,0
798,1,3,1,0.31,8.6833,1.0,4,0
799,0,3,0,0.3,7.2292,2.0,0,0
800,0,3,1,0.3,24.15,1.0,4,2
801,0,2,0,0.34,13.0,1.0,0,0
802,1,2,1,0.31,26.25,1.0,4,2
803,1,1,0,0.11,120.0,1.0,2,3
804,1,3,0,0.0042,8.5167,2.0,2,1
805,1,3,0,0.27,6.975,1.0,0,0
806,0,3,0,0.31,7.775,1.0,0,0
807,0,1,0,0.39,0.0,1.0,0,0
808,0,3,1,0.18,7.775,1.0,3,0
809,0,2,0,0.39,13.0,1.0,0,0
810,1,1,1,0.33,53.1,1.0,4,1
811,0,3,0,0.26,7.8875,1.0,0,0
812,0,3,0,0.39,24.15,1.0,0,0
813,0,2,0,0.35,10.5,1.0,0,0
814,0,3,1,0.06,31.275,1.0,3,6
815,0,3,0,0.305,8.05,1.0,0,0
816,0,1,0,0.305102188184,0.0,1.0,0,0
817,0,3,1,0.23,7.925,1.0,3,0
818,0,2,0,0.31,37.0042,2.0,0,2
819,0,3,0,0.43,6.45,1.0,0,0
820,0,3,0,0.1,27.9,1.0,2,5
821,1,1,1,0.52,93.5,1.0,4,2
822,1,3,0,0.27,8.6625,1.0,0,0
823,0,1,0,0.38,0.0,1.0,1,0
824,1,3,1,0.27,12.475,1.0,4,1
825,0,3,0,0.02,39.6875,1.0,2,5
826,0,3,0,0.305102188184,6.95,1.0,0,0
827,0,3,0,0.305102188184,56.4958,1.0,0,0
828,1,2,0,0.01,37.0042,2.0,2,2
829,1,3,0,0.305102188184,7.75,1.0,0,0
830,1,1,1,0.62,80.0,0,4,0
831,1,3,1,0.15,14.4542,2.0,4,1
832,1,2,0,0.0083,18.75,1.0,2,2
833,0,3,0,0.305102188184,7.2292,2.0,0,0
834,0,3,0,0.23,7.8542,1.0,0,0
835,0,3,0,0.18,8.3,1.0,0,0
836,1,1,1,0.39,83.1583,2.0,3,2
837,0,3,0,0.21,8.6625,1.0,0,0
838,0,3,0,0.305102188184,8.05,1.0,0,0
839,1,3,0,0.32,56.4958,1.0,0,0
840,1,1,0,0.305102188184,29.7,2.0,0,0
841,0,3,0,0.2,7.925,1.0,0,0
842,0,2,0,0.16,10.5,1.0,0,0
843,1,1,1,0.3,31.0,2.0,3,0
844,0,3,0,0.345,6.4375,2.0,0,0
845,0,3,0,0.17,8.6625,1.0,0,0
846,0,3,0,0.42,7.55,1.0,0,0
847,0,3,0,0.305102188184,69.55,1.0,0,10
848,0,3,0,0.35,7.8958,2.0,0,0
849,0,2,0,0.28,33.0,1.0,0,1
850,1,1,1,0.279157088123,89.1042,2.0,4,1
851,0,3,0,0.04,31.275,1.0,2,6
852,0,3,0,0.74,7.775,1.0,0,0
853,0,3,1,0.09,15.2458,2.0,3,2
854,1,1,1,0.16,39.4,1.0,3,1
855,0,2,1,0.44,26.0,1.0,4,1
856,1,3,1,0.18,9.35,1.0,4,1
857,1,1,1,0.45,164.8667,1.0,4,2
858,1,1,0,0.51,26.55,1.0,0,0
859,1,3,1,0.24,19.2583,2.0,4,3
860,0,3,0,0.305102188184,7.2292,2.0,0,0
861,0,3,0,0.41,14.1083,1.0,0,2
862,0,2,0,0.21,11.5,1.0,0,1
863,1,1,1,0.48,25.9292,1.0,4,0
864,0,3,1,0.279157088123,69.55,1.0,3,10
865,0,2,0,0.24,13.0,1.0,0,0
866,1,2,1,0.42,13.0,1.0,4,0
867,1,2,1,0.27,13.8583,2.0,3,1
868,0,1,0,0.31,50.4958,1.0,0,0
869,0,3,0,0.305102188184,9.5,1.0,0,0
870,1,3,0,0.04,11.1333,1.0,2,2
871,0,3,0,0.26,7.8958,1.0,0,0
872,1,1,1,0.47,52.5542,1.0,4,2
873,0,1,0,0.33,5.0,1.0,0,0
874,0,3,0,0.47,9.0,1.0,0,0
875,1,2,1,0.28,24.0,2.0,4,1
876,1,3,1,0.15,7.225,2.0,3,0
877,0,3,0,0.2,9.8458,1.0,0,0
878,0,3,0,0.19,7.8958,1.0,0,0
879,0,3,0,0.305102188184,7.8958,1.0,0,0
880,1,1,1,0.56,83.1583,2.0,4,1
881,1,2,1,0.25,26.0,1.0,4,1
882,0,3,0,0.33,7.8958,1.0,0,0
883,0,3,1,0.22,10.5167,1.0,3,0
884,0,2,0,0.28,10.5,1.0,0,0
885,0,3,0,0.25,7.05,1.0,0,0
886,0,3,1,0.39,29.125,1.0,4,5
887,0,2,0,0.27,13.0,1.0,0,0
888,1,1,1,0.19,30.0,1.0,3,0
889,0,3,1,0.279157088123,23.45,1.0,3,3
890,1,1,0,0.26,30.0,2.0,0,0
891,0,3,0,0.32,7.75,1.0,0,0
